"id","first_name","last_name","marks","","","","","","","","","","","","","","","",""
"1","Felice","Leggon","41","","","","","","","","","","","","","","","",""
"2","Tulley","McKimmey","68","","","","","","","","","","","","","","","",""
"3","Lucky","Bartoloma","41","","","","","","","","","","","","","","","",""
"4","Keefer","Oneile","96","","","","","","","","","","","","","","","",""
"5","Michaella","Compton","53","","","","","","","","","","","","","","","",""
"6","Maighdiln","Pawlata","91","","","","","","","","","","","","","","","",""
"7","Yardley","Paxman","30","","","","","","","","","","","","","","","",""
"8","Ardeen","Cressingham","40","","","","","","","","","","","","","","","",""
"9","Milka","Beddo","90","","","","","","","","","","","","","","","",""
"10","Boothe","Tathacott","63","","","","","","","","","","","","","","","",""
"11","Emanuele","Collis","32","","","","","","","","","","","","","","","",""
"12","Kikelia","Mordaunt","68","","","","","","","","","","","","","","","",""
"13","Sig","Farthin","100","","","","","","","","","","","","","","","",""
"14","Aguste","Tidmas","99","","","","","","","","","","","","","","","",""
"15","Ernestus","L'Episcopi","74","","","","","","","","","","","","","","","",""
"16","Torrance","Lernihan","41","","","","","","","","","","","","","","","",""
"17","Isidora","Arckoll","71","","","","","","","","","","","","","","","",""
"18","Yurik","Di Claudio","50","","","","","","","","","","","","","","","",""
"19","Marnie","Buard","38","","","","","","","","","","","","","","","",""
"20","Wainwright","BoHlingolsen","68","","","","","","","","","","","","","","","",""
"21","Gav","Amesbury","28","","","","","","","","","","","","","","","",""
"22","Ronni","O'Garmen","84","","","","","","","","","","","","","","","",""
"23","Karlotta","Cassidy","32","","","","","","","","","","","","","","","",""
"24","Brewster","Langhorn","21","","","","","","","","","","","","","","","",""
"25","Carolin","Hartwell","94","","","","","","","","","","","","","","","",""
"26","Ruby","Standell","67","","","","","","","","","","","","","","","",""
"27","Simone","Mazella","54","","","","","","","","","","","","","","","",""
"28","Ailbert","Abthorpe","63","","","","","","","","","","","","","","","",""
"29","Max","Phillins","49","","","","","","","","","","","","","","","",""
"30","Jaime","Batie","68","","","","","","","","","","","","","","","",""
"31","Sheridan","Gary","86","","","","","","","","","","","","","","","",""
"32","Nester","De la Perrelle","73","","","","","","","","","","","","","","","",""
"33","Quincey","Windsor","72","","","","","","","","","","","","","","","",""
"34","Ki","Crombleholme","47","","","","","","","","","","","","","","","",""
"35","Cathyleen","Lush","96","","","","","","","","","","","","","","","",""
"36","Kym","Farreil","79","","","","","","","","","","","","","","","",""
"37","Alaster","Cartmer","86","","","","","","","","","","","","","","","",""
"38","Georgie","Frith","77","","","","","","","","","","","","","","","",""
"39","Fredrika","Rodman","67","","","","","","","","","","","","","","","",""
"40","Killian","Plaice","47","","","","","","","","","","","","","","","",""
"41","Caesar","Mussolini","82","","","","","","","","","","","","","","","",""
"42","Jenilee","Draysey","42","","","","","","","","","","","","","","","",""
"43","Padraig","Milne","74","","","","","","","","","","","","","","","",""
"44","Gustavo","Petworth","51","","","","","","","","","","","","","","","",""
"45","Greta","Suttell","71","","","","","","","","","","","","","","","",""
"46","Birk","Robard","90","","","","","","","","","","","","","","","",""
"47","Zed","Aronowitz","48","","","","","","","","","","","","","","","",""
"48","Ronny","Elintune","62","","","","","","","","","","","","","","","",""
"49","Dionis","Tohill","55","","","","","","","","","","","","","","","",""
"50","Kristy","Bachelor","35","","","","","","","","","","","","","","","",""
"51","Kamlesh","Baktawar","44","","","","","","","","","","","","","","","",""
"52","Jorawar","Bassi","99","","","","","","","","","","","","","","","",""
"53","Kamla","Harris","25","","","","","","","","","","","","","","","",""
"1","Teddi","Castree","52","","","","","","","","","","","","","","","",""
"2","Annamarie","Drever","53","","","","","","","","","","","","","","","",""
"3","Stacee","Burtt","45","","","","","","","","","","","","","","","",""
"4","Skylar","Borzoni","96","","","","","","","","","","","","","","","",""
"5","Jessalin","Bee","23","","","","","","","","","","","","","","","",""
"6","Brewer","Tabourin","23","","","","","","","","","","","","","","","",""
"7","Noble","Pettis","34","","","","","","","","","","","","","","","",""
"8","Marthe","Mannagh","73","","","","","","","","","","","","","","","",""
"9","Krishna","Gilbanks","42","","","","","","","","","","","","","","","",""
"10","Mildred","Wardhough","97","","","","","","","","","","","","","","","",""
"11","Sebastian","Seekings","58","","","","","","","","","","","","","","","",""
"12","Eddie","Macak","41","","","","","","","","","","","","","","","",""
"13","Raimundo","Gettens","95","","","","","","","","","","","","","","","",""
"14","Roman","Yielding","12","","","","","","","","","","","","","","","",""
"15","Rodge","Starmont","25","","","","","","","","","","","","","","","",""
"16","Cody","Geddis","73","","","","","","","","","","","","","","","",""
"17","Carin","Pinwell","23","","","","","","","","","","","","","","","",""
"18","Carver","De Mitris","56","","","","","","","","","","","","","","","",""
"19","Mirilla","Saunter","65","","","","","","","","","","","","","","","",""
"20","Alyssa","Worsnup","25","","","","","","","","","","","","","","","",""
"52","Jorawar","Bassi","99","","","","","","","","","","","","","","","",""
"","","","","","","","","","","","","","","","","","","",""
"","","","","","","","","","","","","","","","","","","",""
"","","","","","","","","","","","","","","","","","","",""
"","","","","","","","","","","","","","","","","","","",""
"","","","","","","","","","","","","","","","","","","",""
"","","","","","","","","","","","","","","","","","","",""
"","","","","","","","","","","","","","","","","","","",""
"","","","","","","","","","","","","","","","","","","",""
"","","","","","","","","","","","","","","","","","","",""
"","","","","","","","","","","","","","","","","","","",""
"","","","","","","","","","","","","","","","","","","",""
"","","","","","","","","","","","","","","","","","","",""
"","","","","","","","","","","","","","","","","","","",""
"","","","","","","","","","","","","","","","","","","",""
"","","","","","","","","","","","","","","","","","","",""
"","","","","","","","","","","","","","","","","","","",""
"","","","","","","","","","","","","","","","","","","",""
"","","","","","","","","","","","","","","","","","","",""
"","","","","","","","","","","","","","","","","","","",""
"","","","","","","","","","","","","","","","","","","",""
"","","","","","","","","","","","","","","","","","","",""
"","","","","","","","","","","","","","","","","","","",""
"","","","","","","","","","","","","","","","","","","",""
"","","","","","","","","","","","","","","","","","","",""
"","","","","","","","","","","","","","","","","","","",""
"","","","","","","","","","","","","","","","","","","",""
"","","","","","","","","","","","","","","","","","","",""
"","","","","","","","","","","","","","","","","","","",""
"","","","","","","","","","","","","","","","","","","",""
"","","","","","","","","","","","","","","","","","","",""
"","","","","","","","","","","","","","","","","","","",""
"","","","","","","","","","","","","","","","","","","",""
"","","","","","","","","","","","","","","","","","","",""
"","","","","","","","","","","","","","","","","","","",""
"","","","","","","","","","","","","","","","","","","",""
"","","","","","","","","","","","","","","","","","","",""
"","","","","","","","","","","","","","","","","","","",""
"","","","","","","","","","","","","","","","","","","",""
"","","","","","","","","","","","","","","","","","","",""
"","","","","","","","","","","","","","","","","","","",""
"","","","","","","","","","","","","","","","","","","",""
"","","","","","","","","","","","","","","","","","","",""
"","","","","","","","","","","","","","","","","","","",""
"","","","","","","","","","","","","","","","","","","",""
"","","","","","","","","","","","","","","","","","","",""
"","","","","","","","","","","","","","","","","","","",""
"","","","","","","","","","","","","","","","","","","",""
"","","","","","","","","","","","","","","","","","","",""
"","","","","","","","","","","","","","","","","","","",""
"","","","","","","","","","","","","","","","","","","",""
"","","","","","","","","","","","","","","","","","","",""
"","","","","","","","","","","","","","","","","","","",""
"","","","","","","","","","","","","","","","","","","",""
"","","","","","","","","","","","","","","","","","","",""
"","","","","","","","","","","","","","","","","","","",""
"","","","","","","","","","","","","","","","","","","",""
"","","","","","","","","","","","","","","","","","","",""
"","","","","","","","","","","","","","","","","","","",""
"","","","","","","","","","","","","","","","","","","",""
"","","","","","","","","","","","","","","","","","","",""
"","","","","","","","","","","","","","","","","","","",""
"","","","","","","","","","","","","","","","","","","",""
"","","","","","","","","","","","","","","","","","","",""
"","","","","","","","","","","","","","","","","","","",""
"","","","","","","","","","","","","","","","","","","",""
"","","","","","","","","","","","","","","","","","","",""
"","","","","","","","","","","","","","","","","","","",""
"","","","","","","","","","","","","","","","","","","",""
"","","","","","","","","","","","","","","","","","","",""
"","","","","","","","","","","","","","","","","","","",""
"","","","","","","","","","","","","","","","","","","",""
"","","","","","","","","","","","","","","","","","","",""
"","","","","","","","","","","","","","","","","","","",""
"","","","","","","","","","","","","","","","","","","",""
"","","","","","","","","","","","","","","","","","","",""
"","","","","","","","","","","","","","","","","","","",""
"","","","","","","","","","","","","","","","","","","",""
"","","","","","","","","","","","","","","","","","","",""
"","","","","","","","","","","","","","","","","","","",""
"","","","","","","","","","","","","","","","","","","",""
"","","","","","","","","","","","","","","","","","","",""
"","","","","","","","","","","","","","","","","","","",""
"","","","","","","","","","","","","","","","","","","",""
"","","","","","","","","","","","","","","","","","","",""
"","","","","","","","","","","","","","","","","","","",""
"","","","","","","","","","","","","","","","","","","",""
"","","","","","","","","","","","","","","","","","","",""
"","","","","","","","","","","","","","","","","","","",""
"","","","","","","","","","","","","","","","","","","",""
"","","","","","","","","","","","","","","","","","","",""
"","","","","","","","","","","","","","","","","","","",""
"","","","","","","","","","","","","","","","","","","",""
"","","","","","","","","","","","","","","","","","","",""
"","","","","","","","","","","","","","","","","","","",""
"","","","","","","","","","","","","","","","","","","",""
"","","","","","","","","","","","","","","","","","","",""
"","","","","","","","","","","","","","","","","","","",""
"","","","","","","","","","","","","","","","","","","",""
"","","","","","","","","","","","","","","","","","","",""
"","","","","","","","","","","","","","","","","","","",""
"","","","","","","","","","","","","","","","","","","",""
"","","","","","","","","","","","","","","","","","","",""
"","","","","","","","","","","","","","","","","","","",""
"","","","","","","","","","","","","","","","","","","",""
"","","","","","","","","","","","","","","","","","","",""
"","","","","","","","","","","","","","","","","","","",""
"","","","","","","","","","","","","","","","","","","",""
"","","","","","","","","","","","","","","","","","","",""
"","","","","","","","","","","","","","","","","","","",""
"","","","","","","","","","","","","","","","","","","",""
"","","","","","","","","","","","","","","","","","","",""
"","","","","","","","","","","","","","","","","","","",""
"","","","","","","","","","","","","","","","","","","",""
"","","","","","","","","","","","","","","","","","","",""
"","","","","","","","","","","","","","","","","","","",""
"","","","","","","","","","","","","","","","","","","",""
"","","","","","","","","","","","","","","","","","","",""
"","","","","","","","","","","","","","","","","","","",""
"","","","","","","","","","","","","","","","","","","",""
"","","","","","","","","","","","","","","","","","","",""
"","","","","","","","","","","","","","","","","","","",""
"","","","","","","","","","","","","","","","","","","",""
"","","","","","","","","","","","","","","","","","","",""
"","","","","","","","","","","","","","","","","","","",""
"","","","","","","","","","","","","","","","","","","",""